File name,Numeber of lines
50008.txt, 6351
50012.txt, 1565
50040.txt, 3525
5001.txt, 4065
5002.txt, 8233
5003.txt, 8396
5004.txt, 6482
5005.txt, 13315
5006.txt, 10605
5007.txt, 11559
5008.txt, 12060
5009.txt, 7684
50064.txt, 9752
50072.txt, 4010
50073.txt, 690
50079.txt, 4543
50082.txt, 7281
50087.txt, 3124
50091.txt, 8621
50092.txt, 2875
50101.txt, 2201
50129.txt, 6125
50138.txt, 6125
50148.txt, 5955
50151.txt, 8668
50153.txt, 1497
50155.txt, 1059
5010.txt, 2186
5011.txt, 1157
5012.txt, 2450
5013.txt, 2608
5014.txt, 4527
5015.txt, 3501
5016.txt, 8844
50166.txt, 8310
50186.txt, 7430
50194.txt, 5777
50217.txt, 5707
50224.txt, 3725
50227.txt, 1998
50236.txt, 1958
50238.txt, 4785
50259.txt, 5727
5020.txt, 1152
5021.txt, 3400
5022.txt, 4379
5023.txt, 5690
5024.txt, 3297
5025.txt, 4114
5026.txt, 6762
5027.txt, 3795
5028.txt, 2807
5029.txt, 11811
50275.txt, 6229
50302.txt, 16494
50309.txt, 6085
50312.txt, 9856
50317.txt, 10906
50322.txt, 969
50338.txt, 979
50349.txt, 2909
50357.txt, 6087
5030.txt, 5611
5031.txt, 7070
5032.txt, 15370
5033.txt, 7424
5034.txt, 3609
5035.txt, 1584
5036.txt, 5790
5037.txt, 2945
5038.txt, 5689
5039.txt, 8011
50374.txt, 9129
50400.txt, 5972
50410.txt, 2218
50425.txt, 7317
50431.txt, 6247
50449.txt, 5147
5040.txt, 6947
5041.txt, 2292
5042.txt, 4068
5043.txt, 2725
5044.txt, 1987
5045.txt, 5715
5046.txt, 3733
5047.txt, 1726
5048.txt, 6084
5049.txt, 4763
50466.txt, 1753
50483.txt, 3484
50493.txt, 16116
50500.txt, 1594
50505.txt, 6725
50520.txt, 7549
50533.txt, 4876
50535.txt, 4610
50536.txt, 7036
50545.txt, 1991
50551.txt, 17091
50553.txt, 3029
50556.txt, 8480
5050.txt, 171160
5051.txt, 10832
5052.txt, 4475
5053.txt, 3573
5054.txt, 11441
5055.txt, 10581
5056.txt, 8065
5057.txt, 9448
5058.txt, 10769
5059.txt, 10909
50561.txt, 7785
50566.txt, 3309
50577.txt, 28258
50596.txt, 11012
500.txt, 6190
502.txt, 11946
503.txt, 13933
504.txt, 3230
505.txt, 34500
506.txt, 23036
507.txt, 20797
508.txt, 9571
509.txt, 4113
50635.txt, 5836
5060.txt, 5007
5061.txt, 9456
5062.txt, 14840
5063.txt, 3693
5064.txt, 6727
5065.txt, 3276
5066.txt, 7800
5067.txt, 11471
5068.txt, 1054
5069.txt, 3128
50661.txt, 5974
50662.txt, 3008
50663.txt, 7530
50668.txt, 6482
50676.txt, 14261
50682.txt, 8021
50701.txt, 5090
50702.txt, 5541
50710.txt, 40699
50713.txt, 6013
50715.txt, 5249
50723.txt, 4578
50730.txt, 10930
50734.txt, 1317
50736.txt, 9061
50739.txt, 21474
50753.txt, 720
5070.txt, 4725
ERR.txt, 66
5071.txt, 3834
5073.txt, 12709
5074.txt, 5700
5075.txt, 11126
5076.txt, 10301
5077.txt, 13794
5078.txt, 832
5079.txt, 7176
50766.txt, 1046
50772.txt, 11076
50774.txt, 1888
50788.txt, 1983
50796.txt, 1185
50799.txt, 7057
50800.txt, 888
50802.txt, 1155
50807.txt, 11964
50818.txt, 1218
50819.txt, 744
50826.txt, 1253
50827.txt, 1339
50831.txt, 6288
50832.txt, 20166
50834.txt, 655
50835.txt, 1010
50841.txt, 2254
50842.txt, 929
50844.txt, 776
50848.txt, 1449
5080.txt, 27213
5084.txt, 14889
5085.txt, 10375
5086.txt, 13647
5087.txt, 10689
5088.txt, 17929
5089.txt, 3460
50863.txt, 8396
50868.txt, 1156
50869.txt, 1076
50872.txt, 937
50875.txt, 3696
50876.txt, 493
50877.txt, 997
50881.txt, 9116
50884.txt, 929
50889.txt, 1072
50890.txt, 909
50892.txt, 698
50893.txt, 895
50898.txt, 11881
50904.txt, 1137
50905.txt, 1685
50914.txt, 8176
50921.txt, 734
50923.txt, 2207
50928.txt, 1463
50931.txt, 2925
50932.txt, 1177
50934.txt, 1283
50935.txt, 1568
50939.txt, 5878
50941.txt, 4904
50945.txt, 1360
50948.txt, 1074
50950.txt, 5991
50955.txt, 4775
50956.txt, 1812
50958.txt, 4948
50959.txt, 717
5090.txt, 8622
5091.txt, 12399
5092.txt, 4276
5093.txt, 14685
5094.txt, 12126
5099.txt, 13105
50960.txt, 5859
50969.txt, 1607
50970.txt, 5383
50971.txt, 2037
50978.txt, 12767
50980.txt, 1049
50981.txt, 742
50988.txt, 2429
50989.txt, 1038
50998.txt, 2731
50999.txt, 2168
51004.txt, 2679
51008.txt, 724
51009.txt, 623
51027.txt, 1076
51028.txt, 780
51035.txt, 649
51037.txt, 1269
51046.txt, 958
51047.txt, 976
51053.txt, 1263
5100.txt, 7117
5102.txt, 9533
5103.txt, 10952
5106.txt, 9460
5107.txt, 9255
5108.txt, 18345
5109.txt, 17089
51066.txt, 14214
51068.txt, 1028
51072.txt, 2178
51074.txt, 1011
51075.txt, 1464
51081.txt, 799
51082.txt, 1080
51091.txt, 990
51092.txt, 1316
51094.txt, 12242
51095.txt, 1641
51096.txt, 2643
51097.txt, 2759
51104.txt, 437
51112.txt, 980
51118.txt, 7132
51121.txt, 772
51122.txt, 3907
51125.txt, 7407
51126.txt, 1498
51129.txt, 1124
51132.txt, 647
51136.txt, 918
51137.txt, 698
51140.txt, 5590
51148.txt, 834
51150.txt, 1350
51152.txt, 1683
51153.txt, 749
51158.txt, 4515
5110.txt, 2117
5111.txt, 2964
5113.txt, 11614
5114.txt, 22096
5115.txt, 15146
5116.txt, 5520
5117.txt, 5948
5118.txt, 23209
5119.txt, 9790
51163.txt, 14727
51167.txt, 1435
51168.txt, 880
51171.txt, 765
51180.txt, 1282
51185.txt, 1281
51187.txt, 1206
51188.txt, 2776
51193.txt, 1284
51194.txt, 1502
51198.txt, 11495
51201.txt, 1599
51202.txt, 1056
51203.txt, 2071
51206.txt, 12422
51210.txt, 1998
51229.txt, 5238
51231.txt, 1064
51232.txt, 1000
51233.txt, 1926
51234.txt, 677
51240.txt, 844
51241.txt, 1062
51242.txt, 3705
51247.txt, 961
51249.txt, 1067
51250.txt, 22928
51255.txt, 1059
51257.txt, 1025
51258.txt, 711
5120.txt, 5993
5121.txt, 10725
5122.txt, 11095
5123.txt, 1092
5124.txt, 9865
5125.txt, 2671
5128.txt, 12026
5129.txt, 14510
51263.txt, 6268
51267.txt, 2056
51268.txt, 1390
51273.txt, 1935
51274.txt, 1449
51286.txt, 1091
51288.txt, 661
51295.txt, 2250
51296.txt, 1194
51300.txt, 15040
51304.txt, 1294
51305.txt, 1137
51307.txt, 9031
51308.txt, 9837
51310.txt, 2264
51311.txt, 763
51317.txt, 1332
51320.txt, 1416
51321.txt, 1103
51331.txt, 1665
51335.txt, 1039
51336.txt, 1091
51337.txt, 1226
51342.txt, 765
51344.txt, 2637
51350.txt, 1234
51351.txt, 1216
51353.txt, 1301
5131.txt, 6683
5133.txt, 5427
5135.txt, 13094
5136.txt, 17523
5137.txt, 3058
51361.txt, 1452
51362.txt, 1337
51363.txt, 771
51371.txt, 1306
51379.txt, 1674
51380.txt, 1159
51395.txt, 1438
51396.txt, 1025
51397.txt, 774
51398.txt, 1149
51407.txt, 2478
51408.txt, 1995
51409.txt, 7365
51412.txt, 3216
51413.txt, 1867
51414.txt, 929
51416.txt, 503
51421.txt, 774
51425.txt, 8302
51428.txt, 22107
51433.txt, 1377
51434.txt, 852
51435.txt, 820
51436.txt, 1879
51437.txt, 5958
51445.txt, 1681
51449.txt, 1653
51455.txt, 15779
5140.txt, 37264
5141.txt, 6417
5142.txt, 10795
5143.txt, 13450
5144.txt, 12736
5145.txt, 10069
5146.txt, 4194
5149.txt, 8917
51460.txt, 1042
51461.txt, 1020
51473.txt, 1177
51478.txt, 1005
51482.txt, 935
51483.txt, 1327
51493.txt, 803
51494.txt, 1092
51498.txt, 757
51499.txt, 1071
51508.txt, 1076
51509.txt, 722
51518.txt, 672
51519.txt, 1054
51523.txt, 3164
51531.txt, 1376
51533.txt, 950
51534.txt, 1494
51537.txt, 11988
51538.txt, 5639
51539.txt, 5119
51545.txt, 1097
51546.txt, 564
51549.txt, 602
51550.txt, 547
51552.txt, 5713
51559.txt, 3475
5150.txt, 10005
5151.txt, 11452
5152.txt, 17281
5153.txt, 10579
5155.txt, 11088
5156.txt, 14655
5157.txt, 16949
51563.txt, 460
51564.txt, 470
51565.txt, 455
51566.txt, 452
51570.txt, 1198
51571.txt, 938
51574.txt, 666
51576.txt, 1053
51578.txt, 672
51579.txt, 6389
51588.txt, 852
51589.txt, 741
51596.txt, 734
510.txt, 4284
511.txt, 4831
512.txt, 7733
513.txt, 3898
514.txt, 21022
515.txt, 6430
517.txt, 7341
518.txt, 5081
519.txt, 820
51600.txt, 6500
51603.txt, 947
51605.txt, 1050
51608.txt, 5593
51609.txt, 1132
51610.txt, 1202
51611.txt, 11777
51615.txt, 1012
51616.txt, 944
51622.txt, 767
51623.txt, 1063
51640.txt, 1261
51641.txt, 4031
51650.txt, 1410
51653.txt, 3575
51656.txt, 1114
51657.txt, 1567
5161.txt, 3368
5162.txt, 10217
5163.txt, 8402
5164.txt, 14262
5165.txt, 14715
5166.txt, 10054
5167.txt, 2841
5168.txt, 1217
5169.txt, 6373
51662.txt, 1039
51668.txt, 724
51681.txt, 1147
51682.txt, 901
51687.txt, 1230
51698.txt, 1177
51699.txt, 1210
51713.txt, 1047
51714.txt, 7877
51716.txt, 13438
51726.txt, 1462
51727.txt, 1515
51730.txt, 2895
51736.txt, 1318
51740.txt, 1706
51741.txt, 1376
51748.txt, 2296
51751.txt, 902
51752.txt, 1359
51755.txt, 5440
51758.txt, 1626
51759.txt, 1180
5171.txt, 4590
5172.txt, 6026
5173.txt, 10423
5174.txt, 12783
5175.txt, 14765
5176.txt, 7093
5177.txt, 6770
5179.txt, 18023
51762.txt, 4197
51767.txt, 1542
51768.txt, 1640
51773.txt, 1030
51774.txt, 1167
51781.txt, 1854
51801.txt, 1892
51803.txt, 2248
51804.txt, 4965
51805.txt, 1480
51809.txt, 1979
51810.txt, 1828
51830.txt, 5163
51832.txt, 1894
51833.txt, 2351
51842.txt, 2971
51844.txt, 3108
51848.txt, 7215
51849.txt, 2179
51852.txt, 2900
5180.txt, 6628
5181.txt, 1154
5182.txt, 6661
5183.txt, 3638
5184.txt, 13993
5185.txt, 11421
5186.txt, 24801
5187.txt, 4950
5188.txt, 407
5189.txt, 407
51866.txt, 8074
51868.txt, 2822
51909.txt, 7156
51910.txt, 5677
51911.txt, 7617
51912.txt, 10655
51913.txt, 8124
51914.txt, 6081
51915.txt, 9921
51916.txt, 9725
51917.txt, 6916
51918.txt, 10481
51919.txt, 8900
51920.txt, 3513
51921.txt, 5839
51923.txt, 5235
51925.txt, 8547
51932.txt, 13803
51942.txt, 1959
51950.txt, 18558
51958.txt, 3934
5190.txt, 407
5191.txt, 1542
5193.txt, 2639
5194.txt, 16914
5195.txt, 6612
5196.txt, 2609
5197.txt, 20028
5198.txt, 1104
5199.txt, 14234
51979.txt, 6378
51982.txt, 6048
51984.txt, 1645
51990.txt, 6024
52009.txt, 1766
52010.txt, 3607
52017.txt, 8987
52055.txt, 11185
5200.txt, 2364
5202.txt, 7547
5203.txt, 1491
5204.txt, 3969
5205.txt, 4124
5206.txt, 1394
5207.txt, 9970
5208.txt, 2880
5209.txt, 1883
52068.txt, 2009
52072.txt, 21800
52075.txt, 466
52101.txt, 8248
52107.txt, 4206
52110.txt, 9667
52113.txt, 7587
52125.txt, 3205
52126.txt, 5928
52130.txt, 4464
52143.txt, 4478
52146.txt, 2526
5210.txt, 9284
5211.txt, 1808
52113.txt, 7587
5212.txt, 476
5213.txt, 476
5214.txt, 476
5215.txt, 476
5216.txt, 476
5217.txt, 10645
5218.txt, 2053
5219.txt, 2316
52167.txt, 6228
52176.txt, 6748
52180.txt, 13328
52189.txt, 11779
52211.txt, 7922
52216.txt, 9609
52225.txt, 7558
52242.txt, 19353
52244.txt, 2125
52246.txt, 10550
52257.txt, 3266
5220.txt, 1307
5221.txt, 2091
5222.txt, 1485
5223.txt, 2499
5224.txt, 1547
5225.txt, 10689
5226.txt, 16278
5227.txt, 17583
5228.txt, 12480
5229.txt, 10536
52302.txt, 5088
52326.txt, 9482
52342.txt, 13200
52343.txt, 13263
52355.txt, 2548
5230.txt, 6354
5231.txt, 38188
5232.txt, 10974
5233.txt, 13073
5234.txt, 4845
5235.txt, 4255
5236.txt, 2394
5237.txt, 2696
5238.txt, 4130
5239.txt, 4459
52371.txt, 11643
52390.txt, 3675
52404.txt, 18930
52411.txt, 4503
52437.txt, 7904
52438.txt, 7260
52449.txt, 10564
52454.txt, 1708
52458.txt, 7321
5240.txt, 20596
5241.txt, 12161
5242.txt, 8377
5243.txt, 7980
5244.txt, 7041
5245.txt, 22672
5246.txt, 11374
5247.txt, 25390
5248.txt, 10747
52460.txt, 1424
52498.txt, 8104
52515.txt, 2712
52531.txt, 8322
52552.txt, 6641
52557.txt, 7885
52559.txt, 1875
5251.txt, 11622
5252.txt, 6317
5253.txt, 9114
5254.txt, 3765
5255.txt, 11128
5256.txt, 7806
5257.txt, 21005
5259.txt, 5470
52560.txt, 22868
52574.txt, 1553
52590.txt, 8824
520.txt, 3987
521.txt, 10294
522.txt, 3931
523.txt, 7863
524.txt, 12492
525.txt, 1606
526.txt, 3702
527.txt, 5704
528.txt, 7507
529.txt, 5450
52610.txt, 8483
52636.txt, 3237
52657.txt, 1191
5261.txt, 9193
5262.txt, 5378
5263.txt, 5891
5264.txt, 7879
5265.txt, 8977
5267.txt, 20440
5268.txt, 7364
5269.txt, 7629
52661.txt, 2234
52668.txt, 9155
52670.txt, 5772
52674.txt, 1876
52683.txt, 6830
52695.txt, 852
52696.txt, 6592
52739.txt, 7979
52755.txt, 7755
5270.txt, 9892
5271.txt, 6706
5272.txt, 747
5273.txt, 10633
5274.txt, 19375
5275.txt, 1141
5276.txt, 816
5277.txt, 1150
5278.txt, 936
5279.txt, 1270
52769.txt, 1197
52776.txt, 635
52784.txt, 737
52804.txt, 8374
52805.txt, 931
52819.txt, 17103
52840.txt, 1645
52842.txt, 9817
52844.txt, 2229
52845.txt, 1538
52854.txt, 1451
52855.txt, 2023
5280.txt, 907
5281.txt, 1312
5282.txt, 862
5283.txt, 862
5284.txt, 574
5285.txt, 942
5286.txt, 841
5287.txt, 783
5288.txt, 911
5289.txt, 1020
52868.txt, 10760
52903.txt, 7562
52920.txt, 14747
52945.txt, 6690
52946.txt, 5596
52949.txt, 9473
52951.txt, 1992
5290.txt, 1010
5291.txt, 885
5292.txt, 1016
5293.txt, 939
5294.txt, 841
5295.txt, 831
5296.txt, 944
5297.txt, 950
5298.txt, 900
5299.txt, 907
52978.txt, 8047
52979.txt, 11759
52995.txt, 1264
53005.txt, 5091
53006.txt, 15163
53015.txt, 1515
53016.txt, 928
53032.txt, 6303
53034.txt, 618
53035.txt, 893
53045.txt, 593
53048.txt, 1042
53049.txt, 9726
53059.txt, 2086
5300.txt, 14337
5301.txt, 10957
5302.txt, 1177
5303.txt, 1106
5304.txt, 888
5306.txt, 4262
5307.txt, 8844
5308.txt, 9139
5309.txt, 12709
53074.txt, 9803
53075.txt, 1352
53089.txt, 1072
53093.txt, 4829
53096.txt, 3962
53097.txt, 6303
53102.txt, 918
53123.txt, 1370
53126.txt, 3164
53132.txt, 2869
53133.txt, 8147
53134.txt, 9251
53155.txt, 4776
5310.txt, 3605
5311.txt, 4344
5312.txt, 6234
5313.txt, 5547
5315.txt, 8704
5317.txt, 4818
5319.txt, 2290
53175.txt, 12269
53187.txt, 2568
53193.txt, 2796
53200.txt, 5381
53214.txt, 8780
53249.txt, 11670
5320.txt, 12747
5321.txt, 3480
5322.txt, 1584
5324.txt, 6405
5327.txt, 3474
5328.txt, 19252
5329.txt, 1437
53270.txt, 3142
53289.txt, 15447
53306.txt, 3651
53312.txt, 6469
53348.txt, 4910
5330.txt, 1364
5331.txt, 708
5332.txt, 1122
5333.txt, 9386
5334.txt, 9330
5335.txt, 8839
5336.txt, 4441
5337.txt, 16428
53366.txt, 1323
53370.txt, 10909
53378.txt, 4303
53402.txt, 1669
53403.txt, 2675
53414.txt, 9286
53416.txt, 21755
53424.txt, 10448
53446.txt, 5841
5340.txt, 8685
5341.txt, 4698
5342.txt, 10402
5343.txt, 9240
5344.txt, 11857
5345.txt, 13416
5346.txt, 24644
5347.txt, 5292
5348.txt, 7387
5349.txt, 9663
53465.txt, 6875
53468.txt, 10066
53500.txt, 1646
53544.txt, 8311
53548.txt, 7198
53551.txt, 13750
5350.txt, 9800
5351.txt, 7245
5352.txt, 1316
5353.txt, 9945
5354.txt, 10415
5355.txt, 19424
5356.txt, 2571
5357.txt, 2522
5358.txt, 2957
5359.txt, 2913
53571.txt, 48979
53576.txt, 4957
53581.txt, 4803
530.txt, 8885
531.txt, 9467
532.txt, 6845
533.txt, 2880
535.txt, 3686
536.txt, 5811
537.txt, 8138
538.txt, 7726
53604.txt, 10634
53606.txt, 18588
53617.txt, 5240
53641.txt, 7578
53648.txt, 9616
5360.txt, 3038
5361.txt, 3120
5362.txt, 3104
5363.txt, 2205
5364.txt, 19744
5365.txt, 2946
5366.txt, 2538
5367.txt, 2276
5368.txt, 3048
5369.txt, 3512
53673.txt, 6264
53676.txt, 10453
53684.txt, 740
53700.txt, 5432
53711.txt, 3916
53716.txt, 11998
53717.txt, 13170
53726.txt, 10836
53754.txt, 11941
5370.txt, 2878
5371.txt, 2957
5372.txt, 3600
5373.txt, 20934
5374.txt, 3282
5375.txt, 3234
5376.txt, 2827
5377.txt, 3039
5378.txt, 2821
5379.txt, 2598
53765.txt, 6459
53771.txt, 3954
53775.txt, 12556
53784.txt, 7234
53802.txt, 9845
53804.txt, 9230
53810.txt, 3725
53811.txt, 8283
53843.txt, 3141
53846.txt, 502
53847.txt, 9268
53859.txt, 13767
5380.txt, 2577
5381.txt, 2119
5382.txt, 19864
5383.txt, 1587
5384.txt, 1888
5385.txt, 2142
5386.txt, 2517
5387.txt, 6992
5388.txt, 2963
5389.txt, 2460
53887.txt, 4498
53899.txt, 3704
53904.txt, 1146
53920.txt, 1634
5390.txt, 2720
5391.txt, 3323
5392.txt, 3549
5393.txt, 3178
5394.txt, 2524
5395.txt, 2347
5396.txt, 20415
5397.txt, 4504
5398.txt, 2431
5399.txt, 2025
5400.txt, 189686
5401.txt, 10204
5402.txt, 14849
5403.txt, 15160
5404.txt, 6244
5405.txt, 15402
5406.txt, 7757
5407.txt, 12894
5408.txt, 1856
5409.txt, 1597
5410.txt, 1952
5411.txt, 2320
5412.txt, 1490
5413.txt, 1874
5414.txt, 2062
5415.txt, 1692
5416.txt, 10592
5417.txt, 8489
5418.txt, 5555
5419.txt, 6888
5420.txt, 1045
5421.txt, 10574
5422.txt, 10581
5425.txt, 2815
5426.txt, 4820
5427.txt, 23874
5428.txt, 3298
5429.txt, 2855
5430.txt, 1396
5431.txt, 5852
5432.txt, 5488
5433.txt, 19195
5434.txt, 10162
5435.txt, 8453
5437.txt, 19019
5438.txt, 7781
5439.txt, 2392
5440.txt, 2964
5441.txt, 2775
5442.txt, 2350
5443.txt, 2168
5444.txt, 2733
5445.txt, 2246
5446.txt, 2294
5447.txt, 2298
5448.txt, 2186
5449.txt, 21047
5450.txt, 2375
5451.txt, 2033
5452.txt, 2356
5453.txt, 2538
5454.txt, 2185
5455.txt, 2593
5456.txt, 2324
5457.txt, 2565
5458.txt, 2064
5459.txt, 2685
540.txt, 14657
541.txt, 11961
542.txt, 10661
543.txt, 20024
544.txt, 9288
545.txt, 5548
546.txt, 11781
547.txt, 12852
548.txt, 1868
549.txt, 5458
5460.txt, 20354
5461.txt, 2517
5462.txt, 2251
5463.txt, 2577
5464.txt, 2644
5465.txt, 2277
5466.txt, 10790
5467.txt, 2583
5468.txt, 2466
5469.txt, 2415
5470.txt, 2539
5471.txt, 3064
5472.txt, 11615
5473.txt, 2186
5474.txt, 1664
5475.txt, 1862
5476.txt, 2151
5477.txt, 1393
5478.txt, 1834
5479.txt, 2483
5480.txt, 2215
5481.txt, 2043
5482.txt, 14819
5483.txt, 2390
5484.txt, 2689
5485.txt, 2421
5486.txt, 2124
5487.txt, 2739
5488.txt, 2057
5489.txt, 2318
5490.txt, 2359
5491.txt, 2296
5492.txt, 2889
5493.txt, 20921
5494.txt, 2229
5495.txt, 2340
5496.txt, 1838
5497.txt, 2047
5498.txt, 2258
5499.txt, 9219
5501.txt, 1965
5502.txt, 2481
5503.txt, 2447
5504.txt, 2051
5505.txt, 2214
5506.txt, 2220
5507.txt, 11547
5508.txt, 1775
5509.txt, 2123
5510.txt, 1915
5511.txt, 2174
5512.txt, 2208
5513.txt, 1711
5514.txt, 1995
5515.txt, 2418
5516.txt, 13708
5517.txt, 2109
5518.txt, 2419
5519.txt, 2562
5520.txt, 2088
5521.txt, 2155
5522.txt, 2185
5523.txt, 1988
5524.txt, 2591
5525.txt, 1980
5526.txt, 2064
5527.txt, 2129
5528.txt, 2571
5529.txt, 22723
5530.txt, 1968
5531.txt, 2142
5532.txt, 2066
5533.txt, 2316
5534.txt, 1798
5535.txt, 2969
5536.txt, 2306
5537.txt, 2241
5538.txt, 1815
5539.txt, 2017
5540.txt, 2353
5541.txt, 2052
5542.txt, 21949
5543.txt, 2104
5544.txt, 2246
5545.txt, 2369
5546.txt, 2386
5547.txt, 2170
5548.txt, 2176
5549.txt, 2787
5550.txt, 2535
5551.txt, 16191
5552.txt, 2459
5553.txt, 1977
5554.txt, 2099
5555.txt, 2073
5556.txt, 2111
5557.txt, 2054
5558.txt, 2169
5559.txt, 2413
550.txt, 7381
551.txt, 3974
552.txt, 3977
553.txt, 4154
554.txt, 4717
556.txt, 9117
557.txt, 7339
558.txt, 4620
559.txt, 10562
5560.txt, 14769
5561.txt, 2231
5562.txt, 2548
5563.txt, 2332
5564.txt, 2445
5565.txt, 1960
5566.txt, 2492
5567.txt, 2576
5568.txt, 2502
5569.txt, 3186
5570.txt, 2878
5571.txt, 21810
5572.txt, 2269
5573.txt, 2780
5574.txt, 2890
5575.txt, 2260
5576.txt, 2782
5577.txt, 11521
5578.txt, 2570
5579.txt, 2596
5580.txt, 2574
5581.txt, 2845
5582.txt, 2569
5583.txt, 11701
5584.txt, 1591
5585.txt, 1981
5586.txt, 1502
5587.txt, 4341
5588.txt, 2906
5589.txt, 2227
5590.txt, 1941
5591.txt, 895
5592.txt, 10863
5593.txt, 2025
5594.txt, 1727
5595.txt, 1727
5596.txt, 2039
5597.txt, 1529
5598.txt, 2646
5599.txt, 10308
50.txt, 29301
51.txt, 9336
52.txt, 27944
53.txt, 7918
54.txt, 7046
55.txt, 5124
56.txt, 1027
57.txt, 851
58.txt, 2498
59.txt, 2384
5600.txt, 268700
5602.txt, 5367
5603.txt, 3986
5604.txt, 7465
5605.txt, 19769
5606.txt, 10835
5608.txt, 3092
5609.txt, 2128
5610.txt, 7495
5612.txt, 23070
5614.txt, 13921
5615.txt, 11014
5616.txt, 1653
5617.txt, 5908
5620.txt, 3858
5622.txt, 9049
5623.txt, 7086
5624.txt, 1766
5625.txt, 4652
5626.txt, 4517
5627.txt, 403
5628.txt, 1905
5629.txt, 6466
5630.txt, 3070
5631.txt, 9069
5632.txt, 9565
5633.txt, 6570
5634.txt, 390
5635.txt, 389
5636.txt, 15813
5637.txt, 15471
5638.txt, 4548
5639.txt, 3113
readme.txt, 319
5642.txt, 4883
5643.txt, 8156
5645.txt, 1668
5646.txt, 1380
5647.txt, 1276
5648.txt, 1919
5649.txt, 2389
5650.txt, 7035
5651.txt, 8977
5652.txt, 6028
5654.txt, 4623
5655.txt, 3773
5656.txt, 1979
5657.txt, 1453
5658.txt, 11664
5659.txt, 4776
560.txt, 13180
561.txt, 8733
562.txt, 6863
563.txt, 2948
564.txt, 11837
566.txt, 13565
567.txt, 11317
568.txt, 10275
569.txt, 12376
5660.txt, 6330
5661.txt, 1008
5662.txt, 1219
5663.txt, 2720
5664.txt, 12882
5665.txt, 13409
5666.txt, 15103
5667.txt, 14349
5668.txt, 54575
5669.txt, 9298
5670.txt, 6662
5672.txt, 7156
5673.txt, 8409
5674.txt, 7987
5675.txt, 10805
5676.txt, 4016
5677.txt, 12695
5678.txt, 8962
5679.txt, 5663
5680.txt, 14246
5681.txt, 2978
5682.txt, 3437
5683.txt, 6768
5684.txt, 2015
5685.txt, 868
5686.txt, 7768
5688.txt, 3182
5689.txt, 3375
5690.txt, 3935
5691.txt, 3252
5692.txt, 3138
5693.txt, 4252
5694.txt, 17310
5695.txt, 5608
5696.txt, 5283
5697.txt, 10981
5698.txt, 3922
5699.txt, 4461
5700.txt, 12085
5701.txt, 2063
5702.txt, 7102
5703.txt, 5908
5704.txt, 4854
5705.txt, 7189
5706.txt, 7067
5707.txt, 4872
5708.txt, 13172
5709.txt, 18525
5710.txt, 1230
5712.txt, 1929
5713.txt, 3176
5714.txt, 403
5715.txt, 8047
5716.txt, 10869
5717.txt, 6885
5719.txt, 24543
5720.txt, 2386
5721.txt, 7217
5722.txt, 4196
5723.txt, 2058
5726.txt, 6342
5727.txt, 2264
5728.txt, 4255
5729.txt, 7038
5730.txt, 6378
5731.txt, 6621
5732.txt, 6388
5734.txt, 9753
5735.txt, 11691
5736.txt, 4491
5737.txt, 11620
5738.txt, 11041
5741.txt, 3875
5742.txt, 2026
5743.txt, 9796
5744.txt, 13584
5745.txt, 12735
5746.txt, 9613
5747.txt, 7944
5748.txt, 11484
5749.txt, 7428
5750.txt, 5752
5751.txt, 7068
5752.txt, 7093
5753.txt, 18131
5754.txt, 17282
5755.txt, 11103
5756.txt, 7745
5757.txt, 9253
5758.txt, 9506
5759.txt, 2293
570.txt, 7293
571.txt, 89582
572.txt, 6959
573.txt, 9858
574.txt, 1853
575.txt, 5541
577.txt, 12712
578.txt, 6115
579.txt, 9712
5762.txt, 4800
5763.txt, 7437
5764.txt, 5251
5765.txt, 16306
5766.txt, 962
5767.txt, 9285
5768.txt, 10228
5769.txt, 8938
5770.txt, 6910
5771.txt, 3163
5772.txt, 10784
5773.txt, 16614
5774.txt, 7249
5775.txt, 13959
5776.txt, 10718
5777.txt, 11696
5778.txt, 8760
5779.txt, 10891
5780.txt, 7863
5782.txt, 1737
5783.txt, 2120
5784.txt, 2631
5785.txt, 3161
5786.txt, 2784
5787.txt, 2848
5788.txt, 4585
5789.txt, 4887
5790.txt, 1555
5791.txt, 3005
5792.txt, 2523
5793.txt, 1723
5794.txt, 1094
5795.txt, 2363
5796.txt, 14502
5797.txt, 12386
5798.txt, 2173
5799.txt, 20590
5800.txt, 1464
5802.txt, 1557
5803.txt, 5332
5804.txt, 2511
5805.txt, 9131
5806.txt, 4577
5807.txt, 8456
5808.txt, 3349
5809.txt, 2683
5810.txt, 2885
5811.txt, 2318
5812.txt, 4054
5813.txt, 3344
5814.txt, 3296
5815.txt, 10068
5816.txt, 10783
5817.txt, 7600
5818.txt, 2932
5819.txt, 2861
5820.txt, 2579
5821.txt, 2971
5822.txt, 2976
5823.txt, 2749
5824.txt, 2877
5825.txt, 1532
5826.txt, 21679
5827.txt, 4376
5828.txt, 6455
5829.txt, 8801
5830.txt, 7919
5831.txt, 17198
5832.txt, 6227
5833.txt, 8227
5834.txt, 5193
5835.txt, 3982
5836.txt, 2323
5837.txt, 1965
5838.txt, 1976
5839.txt, 1904
5840.txt, 1686
5841.txt, 1281
5842.txt, 1954
5843.txt, 24423
5844.txt, 2306
5845.txt, 2518
5846.txt, 2222
5847.txt, 11870
5848.txt, 3239
5849.txt, 1640
5850.txt, 7695
5851.txt, 11489
5852.txt, 6853
5853.txt, 13037
5854.txt, 3339
5855.txt, 3365
5856.txt, 4942
5857.txt, 3108
5858.txt, 3669
5858.txt, 3669
5859.txt, 4031
580.txt, 37082
581.txt, 3743
582.txt, 3835
583.txt, 26404
584.txt, 3358
585.txt, 3019
586.txt, 7394
587.txt, 8504
5860.txt, 4206
5861.txt, 4418
5862.txt, 4623
5863.txt, 4340
5864.txt, 4154
5865.txt, 8398
5866.txt, 3387
5867.txt, 5569
5868.txt, 1663
5869.txt, 4018
5870.txt, 9046
5871.txt, 10390
5872.txt, 9554
5873.txt, 2216
5874.txt, 10733
5875.txt, 7777
5876.txt, 8406
5882.txt, 2693
5883.txt, 7908
5885.txt, 401
5886.txt, 425
5887.txt, 442
5888.txt, 3447
5889.txt, 1428
5890.txt, 1894
5891.txt, 18139
5892.txt, 4460
5893.txt, 7697
5894.txt, 11556
5895.txt, 7123
5896.txt, 8201
5897.txt, 22534
5898.txt, 11662
5899.txt, 4943
5900.txt, 4033
5901.txt, 9223
5902.txt, 14140
5903.txt, 3210
5904.txt, 817
5905.txt, 1198
5906.txt, 1600
5907.txt, 991
5908.txt, 997
5909.txt, 2438
5910.txt, 844
5911.txt, 2197
5912.txt, 906
5913.txt, 831
5914.txt, 1429
5915.txt, 3621
5916.txt, 4435
5917.txt, 1952
5918.txt, 1265
5919.txt, 639
5920.txt, 1040
5921.txt, 20171
5922.txt, 2240
5923.txt, 1630
5924.txt, 1541
5925.txt, 1539
5926.txt, 1000
5927.txt, 633
5928.txt, 689
5929.txt, 1343
5930.txt, 1123
5931.txt, 1140
5932.txt, 1686
5933.txt, 2060
5934.txt, 1037
5935.txt, 1180
5936.txt, 1938
5937.txt, 1295
5938.txt, 1122
5939.txt, 863
5940.txt, 506
5941.txt, 855
5942.txt, 1288
5943.txt, 1220
5944.txt, 809
5945.txt, 836
5946.txt, 20232
5947.txt, 3121
5948.txt, 6128
5949.txt, 2378
5950.txt, 21469
5951.txt, 5676
5952.txt, 6158
5953.txt, 7078
5954.txt, 5199
5955.txt, 2246
5956.txt, 5070
5957.txt, 8276
5958.txt, 4127
5959.txt, 23921
590.txt, 6811
591.txt, 2753
592.txt, 3464
593.txt, 10257
594.txt, 5281
595.txt, 2262
596.txt, 3058
597.txt, 16924
598.txt, 34101
599.txt, 30407
5960.txt, 2028
5961.txt, 9168
5962.txt, 10648
5963.txt, 10035
5964.txt, 19929
5965.txt, 8903
5966.txt, 6223
5967.txt, 6189
5968.txt, 6149
5969.txt, 17749
5970.txt, 3189
5971.txt, 10789
5972.txt, 12811
5974.txt, 6651
5975.txt, 6390
5976.txt, 17625
5977.txt, 7923
5978.txt, 9359
5979.txt, 12672
5980.txt, 15611
5981.txt, 4832
5982.txt, 703
5983.txt, 8741
5984.txt, 2220
5989.txt, 6660
5990.txt, 4623
5991.txt, 3925
5992.txt, 5931
5993.txt, 7848
5994.txt, 6659
5996.txt, 6678
5997.txt, 7332
5998.txt, 22915
5999.txt, 19655
